{
  "train_loss": [
    0.932389931787144,
    0.9294391680847515,
    0.9283609639514576,
    0.9277062741192904,
    0.9269508681514046,
    0.926859540830959,
    0.9275659198110754,
    0.9276301535693082,
    0.928118036551909,
    0.9270879198204387,
    0.926006278666583,
    0.9272578277371146
  ],
  "val_loss": [
    0.9256284199655056,
    0.9242831077426672,
    0.9260627459734678,
    0.925128685310483,
    0.9246038608253002,
    0.925166804343462,
    0.9252131655812263,
    0.9253914207220078,
    0.9244386404752731,
    0.9256809540092945,
    0.9265240132808685,
    0.924995681270957
  ],
  "train_acc": [
    0.5923295454545454,
    0.6268939392133193,
    0.4752840909090909,
    0.4914772727272727,
    0.4268939394842495,
    0.4841856062412262,
    0.4505681818181818,
    0.49772727272727274,
    0.4641098485751586,
    0.4162878786975687,
    0.45852272727272725,
    0.4523674241521142
  ],
  "val_acc": [
    0.671875,
    0.4609375,
    0.5595703125,
    0.671875,
    0.4970703125,
    0.671875,
    0.412109375,
    0.5556640625,
    0.42578125,
    0.4951171875,
    0.5595703125,
    0.548828125
  ],
  "learning_rates": [
    0.001,
    0.001,
    0.0009938503261272714,
    0.0009755527298894294,
    0.0009455577588320898,
    0.0009046039886902864,
    0.0008536998372026805,
    0.0007940987335200904,
    0.0007272682546199037,
    0.0006548539886902864,
    0.0005786390152875954,
    0.0005005000000000001
  ]
}