{
  "train_loss": [
    0.9368144143711437,
    0.930886633829637,
    0.9291489514437589,
    0.9278752012686295,
    0.9272797123952345,
    0.9272011659362099,
    0.926693282885985,
    0.9276751480319283,
    0.9256543240763925,
    0.927070596001365,
    0.925476875630292,
    0.9261565598574552,
    0.923949169028889,
    0.9238749021833593,
    0.9218617244200273,
    0.919842348315499,
    0.9204610228538513,
    0.9204958465966311,
    0.9168531748381528,
    0.9145119661634619
  ],
  "val_loss": [
    0.9250496346503496,
    0.9274401105940342,
    0.9273665454238653,
    0.9251579400151968,
    0.9248934406787157,
    0.9247992355376482,
    0.9271020144224167,
    0.9280187264084816,
    0.9232387337833643,
    0.9247787073254585,
    0.9227244518697262,
    0.9246589541435242,
    0.9239882230758667,
    0.9245573617517948,
    0.9265744108706713,
    0.9257603455334902,
    0.9238325171172619,
    0.9236943293362856,
    0.9192233923822641,
    0.9235264081507921
  ],
  "train_acc": [
    0.4954545454545455,
    0.525662878968499,
    0.4680871213024313,
    0.5159090909090909,
    0.5680871213024313,
    0.4993371213024313,
    0.48352272727272727,
    0.4682765151966702,
    0.4936553031206131,
    0.4576704545454545,
    0.468560605970296,
    0.46505681818181815,
    0.4884469696066596,
    0.46515151506120506,
    0.48825757557695565,
    0.5004734846678647,
    0.5294507573951375,
    0.5146780303933404,
    0.503219696879387,
    0.5226325758478858
  ],
  "val_acc": [
    0.38671875,
    0.3896484375,
    0.509765625,
    0.4716796875,
    0.4267578125,
    0.3935546875,
    0.3955078125,
    0.5107421875,
    0.4453125,
    0.466796875,
    0.4912109375,
    0.4248046875,
    0.3994140625,
    0.478515625,
    0.451171875,
    0.5009765625,
    0.4921875,
    0.48046875,
    0.474609375,
    0.4873046875
  ],
  "learning_rates": [
    0.001,
    0.001,
    0.0009938503261272714,
    0.0009755527298894294,
    0.0009455577588320898,
    0.0009046039886902864,
    0.0008536998372026805,
    0.0007940987335200904,
    0.0007272682546199037,
    0.0006548539886902864,
    0.0005786390152875954,
    0.0005005000000000001,
    0.00042236098471240487,
    0.0003461460113097139,
    0.00027373174538009644,
    0.00020690126647990973,
    0.00014730016279731955,
    9.639601130971382e-05,
    5.544224116791029e-05,
    2.5447270110570814e-05
  ]
}