{
  "train_loss": [
    0.9609999055212194,
    0.9443546853282235,
    0.9533973021940751,
    0.9307104018601504,
    0.9312271351164038,
    0.9329932657155123,
    0.9281138111244548,
    0.9233174302361228,
    0.9091495129195126,
    0.9162311012094672,
    0.9011464335701682,
    0.8997758930379695,
    0.8823108228770169,
    0.8620192787863992,
    0.8452022238211199,
    0.7924689775163477,
    0.7578813785856421
  ],
  "val_loss": [
    0.9659209083765745,
    0.9334725514054298,
    0.931272542104125,
    0.946058850735426,
    0.9426234979182482,
    0.955845458433032,
    0.9307388477027416,
    0.9528882224112749,
    0.9714667228981853,
    0.9666952732950449,
    0.9527006037533283,
    0.955250971019268,
    0.9820238277316093,
    0.9912115838378668,
    0.989379957318306,
    1.065388323739171,
    1.1001695562154055
  ],
  "train_acc": [
    0.5112689394842495,
    0.5111742426048625,
    0.5013257576660677,
    0.5415719698775898,
    0.5309659090909091,
    0.5372159090909091,
    0.5385416664860465,
    0.5449810605157506,
    0.569128788059408,
    0.5679924241521142,
    0.5765151516957716,
    0.593560605970296,
    0.609564394029704,
    0.6335227272727273,
    0.6617424244230444,
    0.6970643937587738,
    0.7241477272727272
  ],
  "val_acc": [
    0.3935546875,
    0.474609375,
    0.4111328125,
    0.6123046875,
    0.607421875,
    0.6591796875,
    0.5087890625,
    0.6123046875,
    0.623046875,
    0.3984375,
    0.5615234375,
    0.53125,
    0.4326171875,
    0.4716796875,
    0.5078125,
    0.546875,
    0.52734375
  ],
  "learning_rates": [
    0.001,
    0.001,
    0.0009938503261272714,
    0.0009755527298894294,
    0.0009455577588320898,
    0.0009046039886902864,
    0.0008536998372026805,
    0.0007940987335200904,
    0.0007272682546199037,
    0.0006548539886902864,
    0.0005786390152875954,
    0.0005005000000000001,
    0.00042236098471240487,
    0.0003461460113097139,
    0.00027373174538009644,
    0.00020690126647990973,
    0.00014730016279731955
  ]
}